name,name_kor,type,ammo,mag_0,mag_1,mag_2,mag_3,dmg,dmg_head,dmg_body,dmg_leg,RPM,DPS,Reload_time,Reload_time(Tactical),Projectile_Speed
HAVOC Rifle,하복 소총,AR,Energy,20,24,28,32,18,32,18,15,672,202,3.2,3.2,30500
VK-47 Flatline,VK-47 플랫라인,AR,Heavy,19,23,27,29,18,32,18,15,600,180,3.1,2.4,24000
Hemlok Burst AR,헴록 버스트 AR,AR,Heavy,18,21,24,30,19,33,19,14,365,116,2.85,2.4,27500
R-301 Carbine,R-301 카빈,AR,Light,21,23,28,31,13,23,13,10,810,176,3.2,2.4,29000
Nemesis Burst AR,네메시스 버스트 AR,AR,Energy,20,24,28,32,16,28,16,12,582,155,2.7,2.7,31000
Alternator SMG,얼터네이터 SMG,SMG,Light,19,23,26,28,16,20,16,13,600,160,2.23,1.9,19000
Prowler Burst PDW,프라울러 버스트 PDW,SMG,Heavy,20,25,30,35,15,23,15,12,579,145,2.6,2,18000
R-99 SMG,R-99 SMG,SMG,Mythic Light,30,-,-,-,14,18,14,11,1080,252,2.21,1.62,19000
Volt SMG,볼트 SMG,SMG,Energy,19,21,23,26,15,19,15,12,720,180,2.03,1.44,20000
C.A.R. SMG,C.A.R. SMG,SMG,Heavy,19,22,24,27,12,15,12,10,930,186,2.13,1.7,18000
Devotion LMG,디보션 LMG,LMG,Mythic Energy,48,-,-,-,16,24,16,14,900,240,3.69,2.88,33500
L-STAR EMG,L-STAR EMG,LMG,Energy,24,26,28,30,17,26,17,14,600,170,2.45,2.45,24000
M600 Spitfire,M600 스핏파이어,LMG,Light,35,40,45,50,18,27,18,15,540,162,4.2,3.4,27500
Rampage LMG,램페이지 LMG,LMG,Heavy,28,32,36,40,26,39,26,22,300,130,4,3.1,26500
G7 Scout,G7 스카우트,Marksman,Light,10,15,18,20,33,58,33,25,252,139,2.7,2.16,30000
Triple Take,트리플 테이크,Marksman,Energy,6,7,8,10,63,111,63,57,81,85,3.06,2.34,32000
30-30 Repeater,30-30 리피터,Marksman,Heavy,6,7,8,10,39,68,39,33,139,90,-,-,29000
Bocek Compound Bow,보섹 컴파운드 보우,Marksman,Mythic Arrows,-,-,-,-,25,31,25,20,180,75,-,-,10000
Charge Rifle,차지 라이플,Sniper,Sniper,4,5,6,8,75,150,75,68,26,48,4.6,3.5,33501
Longbow DMR,롱보우 DMR,Sniper,Sniper,6,8,10,12,55,124,55,50,78,72,3.66,2.66,30500
Kraber .50-Cal Sniper,크레이버 .50구경 스나이퍼,Sniper,Mythic Sniper,4,-,-,-,140,280,140,112,25,60,4.3,3.2,29500
Sentinel,센티넬,Sniper,Sniper,4,5,6,7,70,140,70,63,38,44,3.6,2.5,31000
EVA-8 Auto,EVA-8 오토,Shotgun,Shotgun Shells,8,-,-,-,56,72,56,56,193,180,3,2.75,16000
Mastiff Shotgun,마스티프 샷건,Shotgun,Shotgun Shells,5,-,-,-,90,114,90,90,79,119,-,-,16000
Mozambique Shotgun,모잠비크 샷건,Shotgun,Shotgun Shells,6,-,-,-,45,57,45,45,202,152,2.6,2.1,10000
Mozambique Shotgun Akimbo,모잠비크 아킴보,Shotgun,Shotgun Shells,12,-,-,-,45,57,45,45,225,169,3,2.5,10000
Peacekeeper,피스키퍼,Shotgun,Shotgun Shells,5,-,-,-,99,126,99,99,51,84,3.5,2.5,16000
RE-45 Auto,RE-45 오토,Pistol,Light,18,20,23,26,12,18,12,11,780,182,1.95,1.5,19500
P2020,P2020,Pistol,Light,10,11,12,14,21,32,21,19,420,147,1.25,1.25,18500
P2020 Akimbo,P2020 아킴보,Pistol,Light,20,22,24,28,21,32,21,19,480,168,2.6,2.1,18500
Wingman,윙맨,Pistol,Sniper,6,-,-,-,45,97,45,41,156,117,2.1,2.1,18000
